<?xml version="1.0" encoding="UTF-8"?>
<project
	xsi:schemaLocation="http://maven.apache.org/POM/4.0.0 http://maven.apache.org/xsd/maven-4.0.0.xsd"
	xmlns="http://maven.apache.org/POM/4.0.0"
	xmlns:xsi="http://www.w3.org/2001/XMLSchema-instance">
	<modelVersion>4.0.0</modelVersion>
	<groupId>eclipse</groupId>
	<artifactId>pluginsmanamgementtemplate</artifactId>
	<version>1.0.0</version>
	<packaging>eclipse-repository</packaging>



  <distributionManagement>
  
     <site>
        <id>releases</id>
        <url>dav:http://localhost:8081/repository/eclipse/${project.artifactId}/${project.version}</url>
    </site>

  </distributionManagement>


	<properties>
		<project.reporting.outputEncoding>UTF-8</project.reporting.outputEncoding>
		<tycho.version>1.7.0</tycho.version>
		<maven.compiler.source>1.8</maven.compiler.source>
		<project.build.sourceEncoding>UTF-8</project.build.sourceEncoding>
		<maven.compiler.target>1.8</maven.compiler.target>
	
	</properties>
	

	
	
	<build>
		<plugins>
			<plugin>
				<groupId>org.eclipse.tycho.extras</groupId>
				<artifactId>tycho-p2-extras-plugin</artifactId>
				<version>${tycho.version}</version>
				<executions>
					<execution>
						<phase>prepare-package</phase>
						<goals>
							<goal>mirror</goal>
						</goals>
					</execution>
				</executions>
				<configuration>

					<destination>${project.build.directory}/repository/${project.artifactId}/${project.version}</destination>
					<followStrictOnly>false</followStrictOnly>
					<includeOptional>true</includeOptional>
					<includeNonGreedy>true</includeNonGreedy>
					
					<latestVersionOnly>true</latestVersionOnly>
					<mirrorMetadataOnly>false</mirrorMetadataOnly>
					<compress>false</compress>
					<append>true</append>
					<ignoreErrors>true</ignoreErrors>
					<includePacked>true</includePacked>

				</configuration>
			</plugin>
			
			  
			<plugin>
				<groupId>org.eclipse.tycho</groupId>
				<artifactId>tycho-p2-repository-plugin</artifactId>
				<version>${tycho.version}</version>
				<configuration>
				<destination>${project.build.directory}/repository/${project.artifactId}/${project.version}</destination>
					<includeAllDependencies>true</includeAllDependencies>
				</configuration>
			</plugin>
			
		
			
			<plugin>
				<groupId>org.eclipse.tycho</groupId>
				<artifactId>tycho-maven-plugin</artifactId>
				<version>${tycho.version}</version>
				<extensions>true</extensions>
			</plugin>
			

		

    <plugin>
      <artifactId>maven-site-plugin</artifactId>
      <version>3.4</version>
      <dependencies>
        <dependency>
          <groupId>org.apache.maven.wagon</groupId>
          <artifactId>wagon-webdav-jackrabbit</artifactId>
          <version>2.8</version>
        </dependency>
      </dependencies>
    </plugin>

       <plugin>
                <groupId>org.apache.maven.plugins</groupId>
                <artifactId>maven-site-plugin</artifactId>
                <version>3.7.1</version>
                
                  <configuration>
       <inputDirectory>${project.build.directory}/repository</inputDirectory>
         <excludes>
                    <exclude>${project.build.directory}/site</exclude>
                  
                </excludes>
      </configuration>
            </plugin>

   
		</plugins>
	</build>
</project>
